Feature,Importance
total_item_dollars,0.27904331739634686
total_items_quantity,0.20112492962726636
invoice_dollars,0.1834157799134243
invoice_quantity,0.17040980589012025
Freight,0.16600616717284217
